Date,Flight number,From,To,Dep time,Arr time,Duration,Airline,Aircraft,Registration,Seat number,Seat type,Flight class,Flight reason,Note,Dep_id,Arr_id,Airline_id,Aircraft_id,Cost_sgd
2017-01-02,EK150,Amsterdam / Schiphol (AMS/EHAM),Dubai / Dubai International (DXB/OMDB),21:45:00,07:30:00,06:45:00,Emirates (EK/UAE), (),,,0,0,0,,122,768,807,0,800
2017-01-03,EK352,Dubai / Dubai International (DXB/OMDB),Singapore / Changi (SIN/WSSS),10:15:00,21:45:00,07:30:00,Emirates (EK/UAE), (),,,0,0,0,,768,2672,807,0,400
2017-01-28,TR874,Singapore / Changi (SIN/WSSS),Taipei / Taoyuan (TPE/RCTP),08:10:00,12:45:00,04:35:00,Scoot (TR/TGW),Boeing 787-8 (B788),,,0,0,0,,2672,2996,2695,2087,100
2017-01-31,TR899,Taipei / Taoyuan (TPE/RCTP),Singapore / Changi (SIN/WSSS),16:40:00,21:30:00,04:50:00,Scoot (TR/TGW),Boeing 787-9 (B789),,,0,0,0,,2996,2672,2695,2088,100
2017-07-10,AY132,Singapore / Changi (SIN/WSSS),Helsinki / Vantaa (HEL/EFHK),22:05:00,05:45:00,13:40:00,Finnair (AY/FIN),Airbus A350-900 (A359),,,0,0,0,,2672,1110,304,2110,474.86
2017-07-10,AY991,Helsinki / Vantaa (HEL/EFHK),Keflavik / Keflavik (KEF/BIKF),07:20:00,09:15:00,03:55:00,Finnair (AY/FIN),Airbus A320-200 (A320),,,0,0,0,,1110,1400,304,2059,125.14
2017-07-17,AY992,Keflavik / Keflavik (KEF/BIKF),Helsinki / Vantaa (HEL/EFHK),10:00:00,15:25:00,03:25:00,Finnair (AY/FIN),Airbus A320-200 (A320),,,0,0,0,,1400,1110,304,2059,125.14
2017-07-18,AY131,Helsinki / Vantaa (HEL/EFHK),Singapore / Changi (SIN/WSSS),23:55:00,18:40:00,12:45:00,Finnair (AY/FIN),Airbus A350-900 (A359),,,0,0,0,,1110,2672,304,2110,474.86
2018-12-20,JL38,Singapore / Changi (SIN/WSSS),Tokyo / Haneda (HND/RJTT),1:55:00,9:50:00,6:55:00,Japan Airlines (JL/JAL),Boeing 767 (B767),,,0,0,0,,2672,1152,406,2011,790.65
2018-12-20,JL519,Tokyo / Haneda (HND/RJTT),Sapporo / New Chitose (CTS/RJCC),14:30:00,16:05:00,1:35:00,Japan Airlines (JL/JAL),Airbus A350-900 (A359),,,0,0,0,,1152,631,406,2110,122.35
2019-01-31,JL106,Osaka / Itami (ITM/RJOO),Tokyo / Haneda (HND/RJTT),8:30:00,9:40:00,1:10:00,Japan Airlines (JL/JAL),Boeing 787-8 (B788),,,0,0,0,,1285,1152,406,2087,49.43
2019-01-31,JL37,Tokyo / Haneda (HND/RJTT),Singapore / Changi (SIN/WSSS),11:25:00,17:30:00,7:05:00,Japan Airlines (JL/JAL),Boeing 787-9 (B789),,,0,0,0,,1152,2672,406,2088,648.33
2019-05-31,TR734,Singapore / Changi (SIN/WSSS),Berlin / Tegel (TXL/EDDT),0:00:00,0:00:00,13:40:00, Scoot, (),,,0,0,0,,2672,3055,0,0,646.47
2019-05-31,UT706,Berlin / Tegel (TXL/EDDT),Moscow / Vnukovo (VKO/UUWW),0:00:00,0:00:00,2:24:00, UTair, (),,,0,0,0,,3055,3190,0,0,103.53
2019-06-09,AY131,Helsinki / Vantaa (HEL/EFHK),Singapore / Changi (SIN/WSSS),0:25:00,18:25:00,13:00:00,Finnair (AY/FIN),Airbus A350-900 (A359),,,0,0,0,,1110,2672,304,2110,460
2019-12-09,,Singapore / Changi (SIN/WSSS),Siem Reap / Siem Reap International Airport (REP/VDSR),00:00:00,00:00:00,02:03:00,Scoot, (),,,0,0,0,,2672,2502,0,0,125
2019-12-13,,Siem Reap / Siem Reap International Airport (REP/VDSR),Singapore / Changi (SIN/WSSS),00:00:00,00:00:00,02:03:00,Scoot, (),,,0,0,0,,2502,2672,0,0,125
2019-12-24,,Singapore / Changi (SIN/WSSS),Guangzhou / Canton-Baiyun (CAN/ZGGG),0:00:00,0:00:00,3:49:00, China Southern Airlines, (),,,0,0,0,,2672,478,0,0,225.97
2019-12-25,,Guangzhou / Canton-Baiyun (CAN/ZGGG),Beijing / Beijing Daxing International Airport (PKX/ZBAD),0:00:00,0:00:00,2:42:00, China Southern Airlines, (),,,0,0,0,,478,9280,0,0,155.03
2019-12-28,JS152,Beijing / Peking-Capital (PEK/ZBAA),Pyongyang / Sunan (FNJ/ZKPY),13:05:00,15:40:00,01:35:00,Air Koryo (JS/KOR),Tupolev TU-204 (T204),,,0,0,0,,2292,908,444,1778,750
2020-01-05,,Beijing / Beijing Daxing International Airport (PKX/ZBAD),Guangzhou / Canton-Baiyun (CAN/ZGGG),0:00:00,0:00:00,2:42:00, China Southern Airlines, (),,,0,0,0,,9280,478,0,0,153.40
2020-01-06,,Guangzhou / Canton-Baiyun (CAN/ZGGG),Singapore / Changi (SIN/WSSS),0:00:00,0:00:00,3:49:00, China Southern Airlines, (),,,0,0,0,,478,2672,0,0,223.60
2020-03-06,VJ970,Singapore / Changi (SIN/WSSS),Danang / Da Nang (DAD/VVDN),11:15:00,13:10:00,2:55:00,VietJet Air (VJ/VJC),Airbus A321-200 (A321),,,0,0,0,,2672,671,1632,2076,131.33
2020-03-10,VJ973,Danang / Da Nang (DAD/VVDN),Singapore / Changi (SIN/WSSS),13:10:00,16:55:00,2:45:00,VietJet Air (VJ/VJC),Airbus A321-200 (A321),,,0,0,0,,671,2672,1632,2076,131.33
2021-02-13,SQ 356,Singapore / Changi (SIN/WSSS),Milan / Malpensa (MXP/LIMC),0:00:00,0:00:00,12:00:00,Singapore Airlines (SQ/SIA), (),,,0,0,0,,2672,1983,0,0,380
2021-07-16,,Naples / Capodichino (NAP/LIRN),Catania / Fontanarossa (CTA/LICC),0:00:00,0:00:00,0:46:00, Ryanair, (),,,0,0,0,,2016,625,0,0,33.69
2021-07-18,,Palermo / Punta Raisi (PMO/LICJ),Milan / Malpensa (MXP/LIMC),0:00:00,0:00:00,1:28:00, Ryanair, (),,,0,0,0,,2350,1983,0,0,68.81
2021-12-23,EJU7940,Milan / Linate (LIN/LIML),Amsterdam / Schiphol (AMS/EHAM),0:00:00,0:00:00,1:22:00, Easyjet, (),,,0,0,0,,1627,122,0,0,35.06
2022-01-01,,Brussels / Brussels (BRU/EBBR),Milan / Malpensa (MXP/LIMC),0:00:00,0:00:00,1:08:00, Ryanair, (),,,0,0,0,,403,1983,0,0,30.98
2022-01-03,,Bergamo / Orio Al Serio (BGY/LIME),Kyiv / Boryspil International Airport (KBP/UKBB),0:00:00,0:00:00,2:29:00, Ryanair, (),,,0,0,0,,293,1388,0,0,52.74
2022-01-11,FR7857,Lviv / Danylo Halytskyi International (LWO/UKLL),Bergamo / Orio Al Serio (BGY/LIME),0:00:00,0:00:00,1:48:00, Ryanair, (),,,0,0,0,,1720,293,0,0,337.82
2022-02-16,,Milan / Malpensa (MXP/LIMC),Athens / Eleftherios Venizelos (ATH/LGAV),0:00:00,0:00:00,2:18:00, Aegean, (),,,0,0,0,,1983,3583,0,0,91.24
2022-02-16,,Athens / Eleftherios Venizelos (ATH/LGAV),Tel Aviv / Ben Gurion (TLV/LLBG),0:00:00,0:00:00,1:51:00, Aegean, (),,,0,0,0,,3583,2962,0,0,91.24
2022-04-11,,Tel Aviv / Ben Gurion (TLV/LLBG),Zurich / Kloten (ZRH/LSZH),0:00:00,0:00:00,4:02:00, SWISS, (),,,0,0,0,,2962,3548,0,0,123.17
2022-04-12,,Zurich / Kloten (ZRH/LSZH),New York / John F Kennedy (JFK/KJFK),0:00:00,0:00:00,8:46:00, SWISS, (),,,0,0,0,,3548,1328,0,0,276.66
2022-04-17,,New York / John F Kennedy (JFK/KJFK),Geneva / Cointrin (GVA/LSGG),0:00:00,0:00:00,8:37:00, SWISS, (),,,0,0,0,,1328,1065,0,0,271.91
2022-04-18,,Geneva / Cointrin (GVA/LSGG),Zurich / Kloten (ZRH/LSZH),0:00:00,0:00:00,0:33:00, SWISS, (),,,0,0,0,,1065,3548,0,0,10.09
2022-04-19,,Zurich / Kloten (ZRH/LSZH),Tel Aviv / Ben Gurion (TLV/LLBG),0:00:00,0:00:00,4:02:00, SWISS, (),,,0,0,0,,3548,2962,0,0,123.17
2022-05-06,RJ504,Cairo / Cairo (CAI/HECA),Amman / Queen Alia (AMM/OJAI),13:05:00,15:35:00,2:30:00,Royal Jordanian (RJ/RJA), (),,,0,0,0,,475,118,644,0,276.21
2022-05-06,RJ344,Amman / Queen Alia (AMM/OJAI),Tel Aviv / Ben Gurion (TLV/LLBG),0:00:00,0:00:00,0:23:00, Royal Jordanian, (),,,0,0,0,,118,2962,0,0,63.79
2022-05-10,W64606,Tel Aviv / Ben Gurion (TLV/LLBG),Larnaca / Larnaca (LCA/LCLK),12:40:00,13:45:00,1:05:00,Wizz Air (W6/WZZ),Airbus A321-200 (A321),,,0,0,0,,2962,1572,859,2076,32.21
2022-05-12,W64605,Larnaca / Larnaca (LCA/LCLK),Tel Aviv / Ben Gurion (TLV/LLBG),16:00:00,17:05:00,1:05:00,Wizz Air (W6/WZZ),Airbus A321-200 (A321),,,0,0,0,,1572,2962,859,2076,32.21
2022-05-20,U2 3940,Tel Aviv / Ben Gurion (TLV/LLBG),Milan / Malpensa (MXP/LIMC),0:00:00,0:00:00,4:00:00,Wizz Air, (),,,0,0,0,,2962,1983,0,0,85
2022-07-14,GF24,Milan / Malpensa (MXP/LIMC),Bahrain / Bahrain (BAH/OBBI),11:45:00,18:45:00,6:00:00,Gulf Air (GF/GFA),Airbus A321LR (A21N),,,0,0,0,,1983,215,324,2181,176.91
2022-07-14,GF165,Bahrain / Bahrain (BAH/OBBI),Singapore / Changi (SIN/WSSS),23:30:00,12:20:00,7:50:00,Gulf Air (GF/GFA),Boeing 787-9 (B789),,,0,0,0,,215,2672,324,2088,261.93
2022-07-25,TR674,Singapore / Changi (SIN/WSSS),Chiang Mai / Chiang Mai (CNX/VTCC),14:40:00,16:40:00,3:00:00,Scoot (TR/TGW),Airbus A321LR (A21N),,,0,0,0,,2672,3642,2695,2181,189.33
2022-07-27,VZ111,Chiang Mai / Chiang Mai (CNX/VTCC),Bangkok / Suvarnabhumi (BKK/VTBS),14:35:00,15:55:00,1:20:00,MyTravel Airways (VZ/MYT),Airbus A320-200 (A320),,,0,0,0,,3642,331,546,2059,45.33
2022-07-29,TR605,Bangkok / Suvarnabhumi (BKK/VTBS),Singapore / Changi (SIN/WSSS),15:25:00,19:00:00,2:35:00,Scoot (TR/TGW),Airbus A321LR (A21N),,,0,0,0,,331,2672,2695,2181,123.33
2022-08-18,TW172,Singapore / Changi (SIN/WSSS),Seoul / Incheon (ICN/RKSI),0:00:00,0:00:00,6:30:00,Trans World Airlines (TW/TWA),Boeing 737 MAX 8 (B38M),,,0,0,0,,2672,3602,1104,2123,167.39
2022-08-23,LJ 565,Pusan / Kimhae (PUS/RKPK),Jeju / Jeju International (CJU/RKPC),0:00:00,0:00:00,0:38:00, Jin Air, (),,,0,0,0,,2425,565,0,0,47.07
2022-08-25,7C112,Jeju / Jeju International (CJU/RKPC),Seoul / Gimpo (GMP/RKSS),11:15:00,12:30:00,1:15:00,Jeju Air (7C/JJA),Boeing 737-800 (B738),,,0,0,0,,565,1010,1090,231,70.53
2022-08-26,TW171,Seoul / Incheon (ICN/RKSI),Singapore / Changi (SIN/WSSS),0:00:00,0:00:00,6:30:00,Trans World Airlines (TW/TWA),Boeing 737 MAX 8 (B38M),,,0,0,0,,3602,2672,1104,2123,167.39
2022-09-09,GF166,Singapore / Changi (SIN/WSSS),Bahrain / Bahrain (BAH/OBBI),20:00:00,23:29:00,8:29:00,Gulf Air (GF/GFA),Boeing 787-9 (B789),,,0,0,0,,2672,215,324,2088,261.93
2022-09-11,GF25,Bahrain / Bahrain (BAH/OBBI),Milan / Malpensa (MXP/LIMC),1:40:00,6:55:00,6:15:00,Gulf Air (GF/GFA),Airbus A321LR (A21N),,,0,0,0,,215,1983,324,2181,176.91
2022-09-29,TK1876,Milan / Malpensa (MXP/LIMC),Istanbul / Istanbul Airport (IST/LTFM),20:10:00,0:10:00,3:00:00,Turkish Airlines (TK/THY),Airbus A350-900 (A359),,,0,0,0,,1983,8949,769,2110,61.57
2022-09-30,TK54,Istanbul / Istanbul Airport (IST/LTFM),Singapore / Changi (SIN/WSSS),2:05:00,17:55:00,10:50:00,Turkish Airlines (TK/THY),Boeing 777-300ER (B77W),,,0,0,0,,8949,2672,769,2023,317.69
2022-10-01,SQ 356,Singapore / Changi (SIN/WSSS),Milan / Malpensa (MXP/LIMC),0:00:00,0:00:00,12:00:00,Singapore Airlines (SQ/SIA), (),,,0,0,0,,2672,1983,0,0,440
2022-11-19,W64352,Bergamo / Orio Al Serio (BGY/LIME),Sofia / Sofia (SOF/LBSF),8:25:00,11:25:00,2:00:00,Wizz Air (W6/WZZ),Airbus A320-200 (A320),,,0,0,0,,293,2738,859,2059,30.78
2022-11-22,JU146,Belgrade / Nikola Tesla Beograd (BEG/LYBE),Bucharest / Henri Coanda (OTP/LROP),0:00:00,0:00:00,0:52:00, Air Serbia, (),,,0,0,0,,261,2230,0,0,80.73
2022-11-23,W63135,Bucharest / Henri Coanda (OTP/LROP),Bergamo / Orio Al Serio (BGY/LIME),0:00:00,0:00:00,1:59:00, Wizz Air, (),,,0,0,0,,2230,293,0,0,19.33
2022-11-24,SQ 355,Milan / Malpensa (MXP/LIMC),Singapore / Changi (SIN/WSSS),0:00:00,0:00:00,12:00:00,Singapore Airlines (SQ/SIA), (),,,0,0,0,,1983,2672,0,0,380
2022-11-30,TK55,Singapore / Changi (SIN/WSSS),Istanbul / Istanbul Airport (IST/LTFM),23:10:00,5:15:00,11:05:00,Turkish Airlines (TK/THY),Boeing 777-300ER (B77W),,,0,0,0,,2672,8949,769,2023,317.69
2022-11-30,TK1873,Istanbul / Istanbul Airport (IST/LTFM),Milan / Malpensa (MXP/LIMC),6:50:00,8:45:00,2:55:00,Turkish Airlines (TK/THY),Airbus A330-300 (A333),,,0,0,0,,8949,1983,769,31,61.57
2022-12-01,FR3587,Bergamo / Orio Al Serio (BGY/LIME),Torp / Sandefjord (TRF/ENTO),6:25:00,8:55:00,2:30:00,Ryanair (FR/RYR),Boeing 737-800 (B738),,,0,0,0,,293,3005,668,231,21.9
2022-12-05,FR4680,Stockholm / Arlanda (ARN/ESSA),Bergamo / Orio Al Serio (BGY/LIME),0:00:00,0:00:00,2:28:00, Ryanair, (),,,0,0,0,,3622,293,0,0,64.63
2022-12-09,W6 2335,Budapest / Franz Liszt International (BUD/LHBP),Milan / Malpensa (MXP/LIMC),0:00:00,0:00:00,1:30:00,Wizz Air, (),,,0,0,0,,429,1983,0,0,55
2022-12-29,W65786,Milan / Malpensa (MXP/LIMC),London / Gatwick (LGW/EGKK),0:00:00,0:00:00,1:27:00, Wizz Air, (),,,0,0,0,,1983,1614,0,0,49.8
2023-01-04,W65799,London / Gatwick (LGW/EGKK),Milan / Malpensa (MXP/LIMC),0:00:00,0:00:00,1:27:00, Wizz Air, (),,,0,0,0,,1614,1983,0,0,49.8
2023-01-31,FR1429,Bergamo / Orio Al Serio (BGY/LIME),Madrid / Barajas (MAD/LEMD),0:00:00,0:00:00,1:53:00,Ryanair (FR/RYR),Boeing 737-800 (B738),,,0,0,0,,293,1739,668,231,28.09
2023-02-03,FR9681,Madrid / Barajas (MAD/LEMD),Lisbon / Portela (LIS/LPPT),0:00:00,0:00:00,0:56:00,Ryanair (FR/RYR),Boeing 737-800 (B738),,,0,0,0,,1739,1632,668,231,31.19
2023-02-04,EJU7343,Lisbon / Portela (LIS/LPPT),Madrid / Barajas (MAD/LEMD),0:00:00,0:00:00,0:56:00, Easyjet, (),,,0,0,0,,1632,1739,0,0,25.58
2023-02-04,FR5983,Madrid / Barajas (MAD/LEMD),Bergamo / Orio Al Serio (BGY/LIME),0:00:00,0:00:00,1:53:00, Ryanair, (),,,0,0,0,,1739,293,0,0,28.09
2023-03-09,FR4235,Bergamo / Orio Al Serio (BGY/LIME),Beauvais / Beauvais Tille (BVA/LFOB),0:00:00,0:00:00,1:12:00, Ryanair, (),,,0,0,0,,293,440,0,0,25.6
2023-03-11,BJ731,Paris / Charles de Gaulle (CDG/LFPG),Tunis / Tunis Carthage (TUN/DTTA),17:35:00,19:05:00,2:30:00,Nouvelair Tunisia (BJ/LBT),Airbus A320neo (A20N),,,0,0,0,,509,3044,464,2127,72.06
2023-03-13,BJ 510,Tunis / Tunis Carthage (TUN/DTTA),Paris / Charles de Gaulle (CDG/LFPG),0:00:00,0:00:00,2:15:00, Nouvelair Tunisia, (),,,0,0,0,,3044,509,0,0,72.06
2023-03-14,FR3566,Beauvais / Beauvais Tille (BVA/LFOB),Bergamo / Orio Al Serio (BGY/LIME),0:00:00,0:00:00,1:12:00, Ryanair, (),,,0,0,0,,440,293,0,0,25.6
2023-03-18,FR9959,Milan / Malpensa (MXP/LIMC),Malta / Luqa (MLA/LMML),0:00:00,0:00:00,1:51:00, Ryanair, (),,,0,0,0,,1983,1863,0,0,28.97
2023-03-20,FR3606,Malta / Luqa (MLA/LMML),Bergamo / Orio Al Serio (BGY/LIME),0:00:00,0:00:00,1:49:00, Ryanair, (),,,0,0,0,,1863,293,0,0,28.97
2023-04-06,W6 1432,Bergamo / Orio Al Serio (BGY/LIME),Warsaw / Chopin (Okecie) (WAW/EPWA),0:00:00,0:00:00,1:43:00, Wizz Air, (),,,0,0,0,,293,3142,0,0,51.7
2023-04-12,FR3550,Hamburg / Fuhlsbuttel (HAM/EDDH),Bergamo / Orio Al Serio (BGY/LIME),0:00:00,0:00:00,1:26:00, Ryanair, (),,,0,0,0,,1093,293,0,0,71.35
2023-04-18,FR1852,Marseille / Marseille Provence (MRS/LFML),Bergamo / Orio Al Serio (BGY/LIME),14:40:00,15:50:00,1:10:00,Ryanair (FR/RYR),Boeing 737-800 (B738),,,0,0,0,,1928,293,668,231,24.35
2023-05-11,FR4774,Bergamo / Orio Al Serio (BGY/LIME),Thessaloniki / Makedonia (SKG/LGTS),0:00:00,0:00:00,1:53:00, Ryanair, (),,,0,0,0,,293,2696,0,0,35.87
2023-05-15,FR4775,Thessaloniki / Makedonia (SKG/LGTS),Bergamo / Orio Al Serio (BGY/LIME),0:00:00,0:00:00,1:53:00, Ryanair, (),,,0,0,0,,2696,293,0,0,35.87
2023-06-19,FR4638,Bergamo / Orio Al Serio (BGY/LIME),Porto / Francisco Sa Carneiro (OPO/LPPR),17:15:00,19:00:00,2:45:00,Ryanair (FR/RYR),Boeing 737-800 (B738),,,0,0,0,,293,2202,668,231,38.72
2023-06-29,EJU3928,Marrakech / Menara (RAK/GMMX),Milan / Malpensa (MXP/LIMC),0:00:00,0:00:00,3:07:00, Easyjet, (),,,0,0,0,,2474,1983,0,0,43.29
2023-07-07,U2 3963,Milan / Malpensa (MXP/LIMC),Beauvais / Beauvais Tille (BVA/LFOB),0:00:00,0:00:00,1:07:00, Wizz Air, (),,,0,0,0,,1983,440,0,0,71.33
2023-07-10,EJU4631,Paris / Charles de Gaulle (CDG/LFPG),Berlin / Brandenburg (BER/EDDB),0:00:00,0:00:00,1:24:00, Easyjet, (),,,0,0,0,,509,4895,0,0,137
2023-07-16,FR4143,Prague / Praha-Ruzyne (PRG/LKPR),Budapest / Franz Liszt International (BUD/LHBP),7:45:00,8:55:00,1:10:00,Ryanair (FR/RYR),Boeing 737-800 (B738),,,0,0,0,,2398,429,668,231,85.33
2023-07-18,RO 238,Budapest / Franz Liszt International (BUD/LHBP),Bucharest / Henri Coanda (OTP/LROP),0:00:00,0:00:00,1:04:00, TAROM, (),,,0,0,0,,429,2230,0,0,161.67
2023-07-21,FR8735,Bucharest / Henri Coanda (OTP/LROP),Milan / Malpensa (MXP/LIMC),13:40:00,15:10:00,2:30:00,Ryanair (FR/RYR),Boeing 737-800 (B738),,,0,0,0,,2230,1983,668,231,30.33
2023-07-22,QR124,Milan / Malpensa (MXP/LIMC),Doha / Hamad International (DOH/OTHH),9:40:00,16:25:00,5:45:00,Qatar Airways (QR/QTR),Airbus A350-900 (A359),,,0,0,0,,1983,5259,634,2110,351.14
2023-07-23,QR946,Doha / Hamad International (DOH/OTHH),Singapore / Changi (SIN/WSSS),0:00:00,0:00:00,8:38:00, Qatar Airways, (),,,0,0,0,,5259,2672,0,0,492.80
2023-08-05,TR712,Singapore / Changi (SIN/WSSS),Athens / Eleftherios Venizelos (ATH/LGAV),0:00:00,0:00:00,12:28:00, Scoot, (),,,0,0,0,,2672,3583,0,0,580.23
2023-08-05,D82963,Athens / Eleftherios Venizelos (ATH/LGAV),Helsinki / Vantaa (HEL/EFHK),20:20:00,23:55:00,3:35:00,Norwegian Air International (D8/IBK),Boeing 737 MAX 8 (B38M),,,0,0,0,,3583,1110,1644,2123,159.79
2023-08-19,TK 1764,Helsinki / Vantaa (HEL/EFHK),Istanbul / Istanbul Airport (IST/LTFM),0:00:00,0:00:00,3:07:00, Turkish Airlines, (),,,0,0,0,,1110,8949,0,0,93.19
2023-08-20,TK 208,Istanbul / Istanbul Airport (IST/LTFM),Singapore / Changi (SIN/WSSS),0:00:00,0:00:00,11:58:00, Turkish Airlines, (),,,0,0,0,,8949,2672,0,0,379.15
2023-09-09,SV837,Singapore / Changi (SIN/WSSS),Jeddah / King Abdulaziz (JED/OEJN),0:00:00,0:00:00,10:11:00, Saudia, (),,,0,0,0,,2672,1325,0,0,299.93
2023-09-10,SV530,Jeddah / King Abdulaziz (JED/OEJN),Muscat / Seeb (MCT/OOMS),0:00:00,0:00:00,2:54:00, Saudia, (),,,0,0,0,,1325,1770,0,0,80.41
2023-09-12,3L252,Muscat / Seeb (MCT/OOMS),Abu Dhabi / Abu Dhabi (AUH/OMAA),20:30:00,21:40:00,1:10:00,InterSky (3L/ISK),Airbus A320-200 (A320),,,0,0,0,,1770,188,1102,2059,63.3
2023-09-14,TK7775,Sharjah / Sharjah (SHJ/OMSJ),Istanbul / Sabiha Gokcen (SAW/LTFJ),0:00:00,0:00:00,4:16:00, Air Arabia, (),,,0,0,0,,2657,3659,0,0,237.09
2023-09-14,TK7878,Istanbul / Sabiha Gokcen (SAW/LTFJ),Zurich / Kloten (ZRH/LSZH),0:00:00,0:00:00,2:41:00, Turkish Airlines, (),,,0,0,0,,3659,3548,0,0,143.65
2023-11-02,W4 8371,Rome / Leonardo da Vinci-Fiumicino (FCO/LIRF),Baku / Heydar Aliyev (GYD/UBBB),0:00:00,0:00:00,4:29:00, Wizz Air, (),,,0,0,0,,872,216,0,0,50.64
2023-11-04,J2 8223,Baku / Heydar Aliyev (GYD/UBBB),Tbilisi / Novo Alexeyevka (TBS/UGTB),0:00:00,0:00:00,0:51:00, Azerbaijan Airlines, (),,,0,0,0,,216,3679,0,0,92.22
2023-11-08,W45568,Yerevan / Zvartnots (EVN/UDYZ),Milan / Malpensa (MXP/LIMC),0:00:00,0:00:00,4:13:00, Wizz Air, (),,,0,0,0,,3593,1983,0,0,102.01
2023-11-15,U2 3905,Milan / Malpensa (MXP/LIMC),Prague / Praha-Ruzyne (PRG/LKPR),0:00:00,0:00:00,1:07:00, Easyjet, (),,,0,0,0,,1983,2398,0,0,58.92
2023-11-28,W45620,Prague / Praha-Ruzyne (PRG/LKPR),Milan / Malpensa (MXP/LIMC),0:00:00,0:00:00,1:07:00, Wizz Air, (),,,0,0,0,,2398,1983,0,0,30.41
2023-12-01,W4 3870,Bergamo / Orio Al Serio (BGY/LIME),Tirana / Rinas (TIA/LATI),0:00:00,0:00:00,1:30:00, Wizz Air, (),,,0,0,0,,293,2922,0,0,10.92
2023-12-03,W4 3845,Tirana / Rinas (TIA/LATI),Bergamo / Orio Al Serio (BGY/LIME),0:00:00,0:00:00,1:30:00, Wizz Air, (),,,0,0,0,,2922,293,0,0,10.92
2023-12-20,EJU3853,Milan / Malpensa (MXP/LIMC),Amsterdam / Schiphol (AMS/EHAM),0:00:00,0:00:00,1:19:00, Easyjet, (),,,0,0,0,,1983,122,0,0,38.24
2023-12-28,EJU3858,Amsterdam / Schiphol (AMS/EHAM),Milan / Malpensa (MXP/LIMC),0:00:00,0:00:00,1:19:00, Easyjet, (),,,0,0,0,,122,1983,0,0,77.91
2023-12-28,W6 4124,Bergamo / Orio Al Serio (BGY/LIME),Belgrade / Nikola Tesla Beograd (BEG/LYBE),0:00:00,0:00:00,1:22:00, Wizz Air, (),,,0,0,0,,293,261,0,0,57.74
2024-01-01,W6 4123,Belgrade / Nikola Tesla Beograd (BEG/LYBE),Bergamo / Orio Al Serio (BGY/LIME),0:00:00,0:00:00,1:22:00, Wizz Air, (),,,0,0,0,,261,293,0,0,57.74
2024-02-07,FR3112,Bergamo / Orio Al Serio (BGY/LIME),Iasi / Iasi (IAS/LRIA),10:20:00,13:35:00,2:15:00,Ryanair (FR/RYR),Boeing 737-800 (B738),,,0,0,0,,293,1206,668,231,22.5
2024-02-08,W4 3717,Iasi / Iasi (IAS/LRIA),Istanbul / Istanbul Airport (IST/LTFM),0:00:00,0:00:00,1:08:00, Wizz Air, (),,,0,0,0,,1206,8949,0,0,35.96
2024-02-24,PC858,Istanbul / Sabiha Gokcen (SAW/LTFJ),Kuwait / Kuwait (KWI/OKKK),22:25:00,1:55:00,3:30:00,Pegasus Airlines (PC/PGT),Airbus A321-200 (A321),,,0,0,0,,3659,1538,1014,2076,59.74
2024-02-28,PC859,Kuwait / Kuwait (KWI/OKKK),Istanbul / Sabiha Gokcen (SAW/LTFJ),3:05:00,6:50:00,3:45:00,Pegasus Airlines (PC/PGT),Airbus A321-200 (A321),,,0,0,0,,1538,3659,1014,2076,59.74
2024-03-01,PC1213,Istanbul / Sabiha Gokcen (SAW/LTFJ),Bergamo / Orio Al Serio (BGY/LIME),14:20:00,16:10:00,2:50:00,Pegasus Airlines (PC/PGT),Airbus A321-200 (A321),,,0,0,0,,3659,293,1014,2076,107.51
2024-03-13,W46315,Milan / Malpensa (MXP/LIMC),Barcelona / El Prat (BCN/LEBL),10:35:00,12:15:00,1:40:00,Aero Services Executive (W4/BES),Airbus A321LR (A21N),,,0,0,0,,1983,239,126,2181,22
2024-03-14,VY7280,Barcelona / El Prat (BCN/LEBL),Algiers / Houari Boumediene (ALG/DAAG),0:00:00,0:00:00,0:57:00, Vueling, (),,,0,0,0,,239,104,0,0,58.68
2024-03-15,AH6234,Algiers / Houari Boumediene (ALG/DAAG),Tamanrasset / Aguenar (TMR/DAAT),22:00:00,00:25:00,02:25:00,Air Algerie (AH/DAH),Boeing 737-800 (B738),,,0,0,0,,104,2971,222,231,110
2024-03-17,AH6289,Tamanrasset / Aguenar (TMR/DAAT),Algiers / Houari Boumediene (ALG/DAAG),09:40:00,12:10:00,02:30:00,Air Algerie (AH/DAH),Boeing 737-600 (B736),,,0,0,0,,2971,104,222,229,110
2024-03-21,AH6257,Constantine / Mohammed Boudiaf (CZL/DABC),Algiers / Houari Boumediene (ALG/DAAG),16:40:00,17:50:00,1:10:00,Air Algerie (AH/DAH),ATR 72-200 (AT72),,,0,0,0,,665,104,222,153,37.5
2024-03-23,VY7281,Algiers / Houari Boumediene (ALG/DAAG),Barcelona / El Prat (BCN/LEBL),0:00:00,0:00:00,0:57:00, Vueling, (),,,0,0,0,,104,239,0,0,58.68
2024-03-25,W46316,Barcelona / El Prat (BCN/LEBL),Milan / Malpensa (MXP/LIMC),12:55:00,14:45:00,1:50:00,Aero Services Executive (W4/BES),Airbus A321LR (A21N),,,0,0,0,,239,1983,126,2181,22
2024-03-26,TK7795,Bergamo / Orio Al Serio (BGY/LIME),Istanbul / Sabiha Gokcen (SAW/LTFJ),0:00:00,0:00:00,2:30:00, Turkish Airlines, (),,,0,0,0,,293,3659,0,0,145.09
2024-03-28,PC 1824,Antalya / Antalya (AYT/LTAI),Beirut / Beirut (BEY/OLBA),0:00:00,0:00:00,0:59:00, Pegasus, (),,,0,0,0,,207,272,0,0,66.58
2024-03-31,PC 1825,Beirut / Beirut (BEY/OLBA),Antalya / Antalya (AYT/LTAI),0:00:00,0:00:00,0:59:00, Pegasus, (),,,0,0,0,,272,207,0,0,66.58
2024-04-04,PC 1750,Ankara / Esenboga (ESB/LTAC),Tbilisi / Novo Alexeyevka (TBS/UGTB),0:00:00,0:00:00,1:37:00, Pegasus, (),,,0,0,0,,833,3679,0,0,74.48
2024-04-08,PC 311,Batumi / Batumi (BUS/UGSB),Istanbul / Sabiha Gokcen (SAW/LTFJ),0:00:00,0:00:00,1:38:00, Pegasus, (),,,0,0,0,,3910,3659,0,0,108.96
2024-04-08,PC 2672,Istanbul / Sabiha Gokcen (SAW/LTFJ),Ankara / Esenboga (ESB/LTAC),0:00:00,0:00:00,0:41:00, Pegasus, (),,,0,0,0,,3659,833,0,0,34.20
2024-04-12,W62430,Istanbul / Istanbul Airport (IST/LTFM),Budapest / Franz Liszt International (BUD/LHBP),9:10:00,10:15:00,2:05:00,Wizz Air (W6/WZZ),Airbus A321LR (A21N),,,0,0,0,,8949,429,859,2181,43.66
2024-04-14,W6 2307,Budapest / Franz Liszt International (BUD/LHBP),Giza / Giza Sphinx International Airport (SPX/HESX),0:00:00,0:00:00,3:10:00, Wizz Air, (),,,0,0,0,,429,8975,0,0,73.95
2024-04-19,W6 2308,Giza / Giza Sphinx International Airport (SPX/HESX),Budapest / Franz Liszt International (BUD/LHBP),0:00:00,0:00:00,3:10:00, Wizz Air, (),,,0,0,0,,8975,429,0,0,73.95
2024-04-19,W62335,Budapest / Franz Liszt International (BUD/LHBP),Milan / Malpensa (MXP/LIMC),0:00:00,0:00:00,1:22:00, Wizz Air, (),,,0,0,0,,429,1983,0,0,68.78
2024-04-28,W46339,Milan / Malpensa (MXP/LIMC),Beauvais / Beauvais Tille (BVA/LFOB),0:00:00,0:00:00,1:07:00, Wizz Air, (),,,0,0,0,,1983,440,0,0,53.69
2024-04-30,W46340,Beauvais / Beauvais Tille (BVA/LFOB),Milan / Malpensa (MXP/LIMC),8:25:00,10:00:00,1:35:00,Aero Services Executive (W4/BES),Airbus A321LR (A21N),,,0,0,0,,440,1983,126,2181,53.69
2024-05-05,FR2428,Bergamo / Orio Al Serio (BGY/LIME),Sarajevo / Sarajevo (SJJ/LQSA),11:10:00,12:35:00,1:25:00,Ryanair (FR/RYR),Boeing 737-800 (B738),,,0,0,0,,293,2684,668,231,97.46
2024-05-11,W4 6450,Podgorica / Podgorica (TGD/LYPG),Milan / Malpensa (MXP/LIMC),0:00:00,0:00:00,1:29:00, Wizz Air, (),,,0,0,0,,2898,1983,0,0,21.87
2024-05-13,FR820,Bergamo / Orio Al Serio (BGY/LIME),Lisbon / Portela (LIS/LPPT),7:10:00,9:10:00,3:00:00,Ryanair (FR/RYR),Boeing 737-800 (B738),,,0,0,0,,293,1632,668,231,48.75
2024-05-15,FR2086,Lisbon / Portela (LIS/LPPT),Bergamo / Orio Al Serio (BGY/LIME),20:45:00,0:30:00,2:45:00,Ryanair (FR/RYR),Boeing 737-800 (B738),,,0,0,0,,1632,293,668,231,48.75
2024-05-20,SQ377,Milan / Malpensa (MXP/LIMC),Singapore / Changi (SIN/WSSS),13:25:00,7:40:00,12:15:00,Singapore Airlines (SQ/SIA),Airbus A350-900 (A359),,,0,0,0,,1983,2672,703,2110,629.52
2024-08-17,KL0836,Singapore / Changi (SIN/WSSS),Amsterdam / Schiphol (AMS/EHAM),0:00:00,0:00:00,14:27:00, KLM Royal Dutch Airlines (KL/KLM), (),,,0,0,0,,2672,122,0,0,601.15
2024-08-17,KL6020,Amsterdam / Schiphol (AMS/EHAM),New York / John F Kennedy (JFK/KJFK),10:00:00,12:20:00,8:20:00,KLM Royal Dutch Airlines (KL/KLM),Airbus A330-300 (A333),,,0,0,0,,122,1328,440,31,334.43
2024-11-08,JL003,New York / John F Kennedy (JFK/KJFK),Tokyo / Haneda (HND/RJTT),0:00:00,0:00:00,14:56:00, Japan Airlines, (),,,0,0,0,,1328,1152,0,0,621.91
2024-11-09,JL037,Tokyo / Haneda (HND/RJTT),Singapore / Changi (SIN/WSSS),0:00:00,0:00:00,7:24:00, Japan Airlines, (),,,0,0,0,,1152,2672,0,0,303.03
2024-11-11,OD 808,Singapore / Changi (SIN/WSSS),Kuala Lumpur / Kuala Lumpur International (KUL/WMKK),0:00:00,0:00:00,0:39:00, Batik Air, (),,,0,0,0,,2672,1527,0,0,20.38
2024-11-11,OD 215,Kuala Lumpur / Kuala Lumpur International (KUL/WMKK),Mumbai / Chhatrapati Shivaji (BOM/VABB),0:00:00,0:00:00,5:08:00, Batik Air, (),,,0,0,0,,1527,375,0,0,248.62
2024-11-13,AI 816,Mumbai / Chhatrapati Shivaji (BOM/VABB),Delhi / Indira Gandhi (DEL/VIDP),0:00:00,0:00:00,1:47:00, Air India, (),,,0,0,0,,375,689,0,0,99.58
2024-11-15,SG 8214,Delhi / Indira Gandhi (DEL/VIDP),Calcutta / NS Chandra Bose Int (CCU/VECC),0:00:00,0:00:00,2:01:00, SpiceJet, (),,,0,0,0,,689,504,0,0,112.55
2024-11-20,BS202,Calcutta / NS Chandra Bose Int (CCU/VECC),Dhaka / Zia (DAC/VGZR),11:30:00,13:00:00,0:30:00,British International Helicopters (BS/BIH),ATR 72-200 (AT72),,,0,0,0,,504,670,130,153,73.75
2024-11-20,CZ 392,Dhaka / Zia (DAC/VGZR),Guangzhou / Canton-Baiyun (CAN/ZGGG),0:00:00,0:00:00,3:24:00, China Southern Airlines, (),,,0,0,0,,670,478,0,0,137.99
2024-11-21,CZ 353,Guangzhou / Canton-Baiyun (CAN/ZGGG),Singapore / Changi (SIN/WSSS),0:00:00,0:00:00,3:49:00, China Southern Airlines, (),,,0,0,0,,478,2672,0,0,137.99
2024-11-22,PR 512,Singapore / Changi (SIN/WSSS),Manila / Ninoy Aquino International (MNL/RPLL),0:00:00,0:00:00,3:27:00, Philippine Airlines, (),,,0,0,0,,2672,1898,0,0,134.47
2024-11-23,PR126,Manila / Ninoy Aquino International (MNL/RPLL),New York / John F Kennedy (JFK/KJFK),19:25:00,23:40:00,16:15:00,Philippine Airlines (PR/PAL),Airbus A350 (A350),,,0,0,0,,1898,1328,597,2109,775.73
2025-01-01,AS373,Newark / Liberty International (EWR/KEWR),San Francisco / San Francisco International (SFO/KSFO),7:30:00,10:39:00,6:09:00,Alaska Airlines (AS/ASA),Boeing 737 MAX 9 (B39M),,,0,0,0,,851,2644,79,2124,387.15
2025-01-03,F94126,San Francisco / San Francisco International (SFO/KSFO),Burbank / Glendale-Pasadena (BUR/KBUR),0:00:00,0:00:00,0:57:00, Frontier, (),,,0,0,0,,2644,436,0,0,86.26
2025-01-04,F91199,Burbank / Glendale-Pasadena (BUR/KBUR),San Francisco / San Francisco International (SFO/KSFO),0:00:00,0:00:00,0:57:00, Frontier, (),,,0,0,0,,436,2644,0,0,86.26
2025-01-05,UA2460,San Francisco / San Francisco International (SFO/KSFO),Newark / Liberty International (EWR/KEWR),0:00:00,0:00:00,5:48:00, United Airlines, (),,,0,0,0,,2644,851,0,0,276.1
2025-02-28,NK 209,Newark / Liberty International (EWR/KEWR),Chicago / O'Hare (ORD/KORD),0:00:00,0:00:00,1:48:00, Spirit, (),,,0,0,0,,851,2205,0,0,36.75
2025-03-01,NK 210,Chicago / O'Hare (ORD/KORD),Newark / Liberty International (EWR/KEWR),0:00:00,0:00:00,1:48:00, Spirit, (),,,0,0,0,,2205,851,0,0,36.75
2025-03-07,AM411,Newark / Liberty International (EWR/KEWR),Mexico City / Juarez (MEX/MMMX),8:01:00,12:45:00,6:44:00,Aeromexico (AM/AMX),Boeing 737 MAX 8 (B38M),,,0,0,0,,851,1800,63,2123,254.8
2025-03-11,VB 9214,Reyes Acozac / Santa Lucia Air Force Base (NLU/MMSM),Oaxaca / Xoxocotlan (OAX/MMOX),0:00:00,0:00:00,0:46:00, Viva, (),,,0,0,0,,6475,2142,0,0,57.07
2025-03-13,VB 9215,Oaxaca / Xoxocotlan (OAX/MMOX),Reyes Acozac / Santa Lucia Air Force Base (NLU/MMSM),0:00:00,0:00:00,0:46:00, Viva, (),,,0,0,0,,2142,6475,0,0,57.07
2025-03-15,AM 410,Mexico City / Juarez (MEX/MMMX),Newark / Liberty International (EWR/KEWR),0:00:00,0:00:00,4:46:00, Aeromexico, (),,,0,0,0,,1800,851,0,0,254.8
2025-05-17,NK 2736,Newark / Liberty International (EWR/KEWR),Las Vegas / McCarran (LAS/KLAS),0:00:00,0:00:00,5:04:00, Spirit, (),,,0,0,0,,851,1557,0,0,141.09
2025-05-20,NK 2374,Las Vegas / McCarran (LAS/KLAS),Burbank / Glendale-Pasadena (BUR/KBUR),0:00:00,0:00:00,0:44:00, Spirit, (),,,0,0,0,,1557,436,0,0,82.41
2025-05-25,F9 4593,Los Angeles / Los Angeles International (LAX/KLAX),San Francisco / San Francisco International (SFO/KSFO),0:00:00,0:00:00,0:59:00, Spirit, (),,,0,0,0,,1559,2644,0,0,103.45
2025-05-29,UA 1230,San Francisco / San Francisco International (SFO/KSFO),Denver / Denver (DEN/KDEN),0:00:00,0:00:00,2:20:00, Spirit, (),,,0,0,0,,2644,691,0,0,60.39
2025-05-29,UA 2642,Denver / Denver (DEN/KDEN),Newark / Liberty International (EWR/KEWR),0:00:00,0:00:00,3:43:00, Spirit, (),,,0,0,0,,691,851,0,0,100.21
2025-06-24,F91809,New York / John F Kennedy (JFK/KJFK),Miami / Miami International (MIA/KMIA),11:30:00,14:48:00,3:18:00,Frontier Airlines (F9/FFT),Airbus A321-200 (A321),,,0,0,0,,1328,1831,302,2076,68.42
2025-06-27,F91810,Miami / Miami International (MIA/KMIA),New York / John F Kennedy (JFK/KJFK),7:10:00,10:29:00,3:19:00,Frontier Airlines (F9/FFT),Airbus A321-200 (A321),,,0,0,0,,1831,1328,302,2076,68.42
2025-06-29,NK 2543,Newark / Liberty International (EWR/KEWR),Chicago / O'Hare (ORD/KORD),0:00:00,0:00:00,1:48:00, Spirit, (),,,0,0,0,,851,2205,0,0,65.64
2025-07-01,NK 2542,Chicago / O'Hare (ORD/KORD),Newark / Liberty International (EWR/KEWR),0:00:00,0:00:00,1:48:00, Spirit, (),,,0,0,0,,2205,851,0,0,65.64
2025-07-30,NK 1861,Las Vegas / McCarran (LAS/KLAS),Seattle / Seattle-Tacoma (SEA/KSEA),0:00:00,0:00:00,2:08:00, Spirit, (),,,0,0,0,,1557,2627,0,0,29.98
2025-07-30,NK 1585,Newark / Liberty International (EWR/KEWR),Las Vegas / McCarran (LAS/KLAS),0:00:00,0:00:00,5:04:00, Spirit, (),,,0,0,0,,851,1557,0,0,76.86
2025-08-05,NK 1861,Seattle / Seattle-Tacoma (SEA/KSEA),Las Vegas / McCarran (LAS/KLAS),0:00:00,0:00:00,2:08:00, Spirit, (),,,0,0,0,,2627,1557,0,0,29.98
2025-08-05,NK 1585,Las Vegas / McCarran (LAS/KLAS),Newark / Liberty International (EWR/KEWR),0:00:00,0:00:00,5:04:00, Spirit, (),,,0,0,0,,1557,851,0,0,76.86
2025-08-25,UA2402,Newark / Liberty International (EWR/KEWR),New Orleans / Moisant Fld (MSY/KMSY),16:42:00,18:52:00,3:10:00,United Airlines (UA/UAL),Boeing 737-900 (B739),N37422,,0,0,0,,851,1942,808,232,94.55
2025-08-28,NK 2551,New Orleans / Moisant Fld (MSY/KMSY),Newark / Liberty International (EWR/KEWR),0:00:00,0:00:00,2:47:00, Spirit, (),,,0,0,0,,1942,851,0,0,50.48
2025-08-30,NK 2124,Newark / Liberty International (EWR/KEWR),Fort Lauderdale / Hollywood (FLL/KFLL),0:00:00,0:00:00,2:34:00, Spirit, (),,,0,0,0,,851,892,0,0,75.59
2025-08-30,AV 37,Fort Lauderdale / Hollywood (FLL/KFLL),Bogota / Eldorado Intl. (BOG/SKBO),0:00:00,0:00:00,3:34:00, Spirit, (),,,0,0,0,,892,371,0,0,108.33
2025-08-30,AV 239,Bogota / Eldorado Intl. (BOG/SKBO),El Alto / El Alto International Airport (LPB/SLLP),0:00:00,0:00:00,3:33:00, Avianca, (),,,0,0,0,,371,1667,0,0,107.77
2025-09-13,JA 7046,Cusco / Velazco Astete (CUZ/SPZO),Lima / Jorge Chavez International (LIM/SPIM),0:00:00,0:00:00,1:02:00, JetSMART, (),,,0,0,0,,643,1626,0,0,55.45
2025-09-17,LA 521,Lima / Jorge Chavez International (LIM/SPIM),Santiago / Comodoro Arturo Merino Benitez (SCL/SCEL),0:00:00,0:00:00,3:34:00, LATAM, (),,,0,0,0,,1626,2606,0,0,106.17
2025-09-19,LA 522,Santiago / Comodoro Arturo Merino Benitez (SCL/SCEL),Lima / Jorge Chavez International (LIM/SPIM),0:00:00,0:00:00,3:34:00, LATAM, (),,,0,0,0,,2606,1626,0,0,106.17
2025-09-21,LA2690,Lima / Jorge Chavez International (LIM/SPIM),New York / John F Kennedy (JFK/KJFK),12:00:00,21:05:00,8:05:00,LATAM Airlines (LA/LAN),Boeing 767-300 (B763),CC-CWV,,0,0,0,,1626,1328,2656,244,1036.44
2025-09-28,PR127,New York / John F Kennedy (JFK/KJFK),Manila / Ninoy Aquino International (MNL/RPLL),2:10:00,6:35:00,16:25:00,Philippine Airlines (PR/PAL),Airbus A350 (A350),,,0,0,0,,1328,1898,597,2109,397.05
2025-09-29,PR501,Manila / Ninoy Aquino International (MNL/RPLL),Singapore / Changi (SIN/WSSS),15:10:00,18:55:00,3:45:00,Philippine Airlines (PR/PAL),Airbus A321-200 (A321),,,0,0,0,,1898,2672,597,2076,68.83
2025-10-18,IP89,Singapore / Changi (SIN/WSSS),Jakarta / Soekarno Hatta (CGK/WIII),11:00:00,11:50:00,01:50:00,Pelita Air Service (IP/PAS),Airbus A320 (A320),,,0,0,0,,2672,534,1008,27,144.06
2025-10-20,IP88,Jakarta / Soekarno Hatta (CGK/WIII),Singapore / Changi (SIN/WSSS),07:10:00,10:00:00,01:50:00,Pelita Air Service (IP/PAS),Airbus A320-200 (A320),,,0,0,0,,534,2672,1008,2059,144.06
2025-11-14,TR610,Singapore / Changi (SIN/WSSS),Bangkok / Suvarnabhumi (BKK/VTBS),16:00:00,17:25:00,02:25:00,Scoot (TR/TGW),Airbus A320 (A320),9V-TRO,,0,0,0,,2672,331,2695,27,182.01
2025-11-16,VJ1832,Vientiane / Wattay (VTE/VLVT),Ho Chi Minh (Saigon) / Tan Son Nhat (SGN/VVTS),18:45:00,20:45:00,02:00:00,VietJet Air (VJ/VJC),Airbus A320 (A320),VN-A676,,0,0,0,,3244,2650,1632,27,63.82
2025-11-17,VJ811,Ho Chi Minh (Saigon) / Tan Son Nhat (SGN/VVTS),Singapore / Changi (SIN/WSSS),08:50:00,12:05:00,02:15:00,VietJet Air (VJ/VJC),Airbus A320 (A320),VN-A672,,0,0,0,,2650,2672,1632,27,63.82
2025-12-21,TR120,Singapore / Changi (SIN/WSSS),Wuhan / Tianhe (WUH/ZHHH),18:20:00,23:15:00,04:55:00,Scoot (TR/TGW),Boeing 787-8 (B788),,,0,0,0,,2672,3249,2695,2087,270.2
2026-01-02,HU459,Lanzhou / Lanzhou Zhongchuan International Airport (LHW/ZLLL),Haikou / Meilan (HAK/ZJHK),07:05:00,10:05:00,03:00:00,Hainan Airlines (HU/CHH),Boeing 737-800 (B738),,,0,0,0,,3794,3788,181,231,131.32
2026-01-02,HU459,Haikou / Meilan (HAK/ZJHK),Singapore / Changi (SIN/WSSS),11:30:00,14:55:00,03:25:00,Hainan Airlines (HU/CHH),Boeing 737-800 (B738),,,0,0,0,,3788,2672,181,231,146.12
2026-01-09,EK348,Singapore / Changi (SIN/WSSS),Phnom Penh / Phnom Penh Techo International Airport (KTI/VDTI),15:30:00,16:35:00,01:45:00,Emirates (EK/UAE),Boeing 777-300ER (B77W),,,0,0,0,,2672,10181,807,2023,120.9
2026-01-11,EK349,Phnom Penh / Phnom Penh Techo International Airport (KTI/VDTI),Singapore / Changi (SIN/WSSS),21:40:00,00:40:00,01:45:00,Emirates (EK/UAE),Boeing 777-300ER (B77W),,,0,0,0,,10181,2672,807,2023,120.9
2026-02-08,TR200,Singapore / Changi (SIN/WSSS),Yogyakarta / Yogyakarta International Airport (YIA/WAHI),07:50:00,09:20:00,02:30:00,Scoot (TR/TGW),Airbus A321LR (A21N),,,0,0,0,,2672,9188,2695,2181,101.4
2026-02-09,TR237,Yogyakarta / Yogyakarta International Airport (YIA/WAHI),Singapore / Changi (SIN/WSSS),10:20:00,13:40:00,02:20:00,Scoot (TR/TGW),Airbus A321neo (A21N),,,0,0,0,,9188,2672,2695,2128,101.4
2026-02-26,AK 716,Singapore / Changi (SIN/WSSS),Kuala Lumpur / Kuala Lumpur International (KUL/WMKK),18:35:00,19:45:00,01:10:00,AirAsia, (),,,0,0,0,,2672,1527,0,0,39
2026-02-26,AK 47,Kuala Lumpur / Kuala Lumpur International (KUL/WMKK),Colombo / Bandaranaike (CMB/VCBI),20:50:00,21:50:00,04:00:00,AirAsia, (),,,0,0,0,,1527,577,0,0,100.5
2026-03-02,AK 46,Colombo / Bandaranaike (CMB/VCBI),Kuala Lumpur / Kuala Lumpur International (KUL/WMKK),22:50:00,05:00:00,03:10:00,AirAsia, (),,,0,0,0,,577,1527,0,0,100.5
2026-03-03,AK 701,Kuala Lumpur / Kuala Lumpur International (KUL/WMKK),Singapore / Changi (SIN/WSSS),06:00:00,07:05:00,01:05:00,AirAsia, (),,,0,0,0,,1527,2672,0,0,39
2026-03-06,TR28,Singapore / Changi (SIN/WSSS),Perth / Perth (PER/YPPH),23:00:00,04:15:00,05:15:00,Scoot (TR/TGW),Boeing 787-9 (B789),,,0,0,0,,2672,2295,2695,2088,156.3
2026-03-08,TR9,Perth / Perth (PER/YPPH),Singapore / Changi (SIN/WSSS),17:45:00,22:55:00,05:10:00,Scoot (TR/TGW),Boeing 787-9 (B789),,,0,0,0,,2295,2672,2695,2088,156.3
2026-03-20,8M 236,Singapore / Changi (SIN/WSSS),Yangon / Mingaladon (RGN/VYYY),04:30:00,06:00:00,03:30:00,Myanmar Airways International, (),,,0,0,0,,2672,2513,0,0,147.03
2026-03-21,3307,Yangon / Mingaladon (RGN/VYYY),Mandalay / Mandalay (MDL/VYMD),06:00:00,07:05:00,01:05:00,Myanmar Airways International, (),,,0,0,0,,2513,3863,0,0,122
2026-03-22,3308,Mandalay / Mandalay (MDL/VYMD),Yangon / Mingaladon (RGN/VYYY),13:35:00,14:40:00,01:05:00,Myanmar Airways International, (),,,0,0,0,,3863,2513,0,0,122
2026-03-22,8M 235,Yangon / Mingaladon (RGN/VYYY),Singapore / Changi (SIN/WSSS),23:00:00,03:30:00,02:30:00,Myanmar Airways International, (),,,0,0,0,,2513,2672,0,0,147.03
2026-04-17,TR496,Singapore / Changi (SIN/WSSS),Kota Kinabalu / Kota Kinabalu (BKI/WBKK),18:45:00,21:10:00,02:25:00,Scoot (TR/TGW),Airbus A320neo (A20N),,,0,0,0,,2672,329,2695,2127,73.64
2026-04-20,TR493,Kota Kinabalu / Kota Kinabalu (BKI/WBKK),Singapore / Changi (SIN/WSSS),20:00:00,22:30:00,02:30:00,Scoot (TR/TGW),Airbus A321LR (A21N),,,0,0,0,,329,2672,2695,2181,73.64
2026-04-24,TR750,Singapore / Changi (SIN/WSSS),Amritsar / Amritsar (ATQ/VIAR),05:35:00,09:05:00,06:30:00,Scoot (TR/TGW),Boeing 787-8 (B788),,,0,0,0,,2672,181,2695,2087,222.88
2026-04-26,TR751,Amritsar / Amritsar (ATQ/VIAR),Singapore / Changi (SIN/WSSS),10:45:00,19:25:00,05:40:00,Scoot (TR/TGW),Boeing 787-8 (B788),,,0,0,0,,181,2672,2695,2087,222.88
2026-04-30,PN 6444,Singapore / Changi (SIN/WSSS),Chongqing / Chongqing (CKG/ZUCK),00:40:00,05:40:00,05:00:00,West Air, (),,,0,0,0,,2672,566,0,0,206
2026-05-04,SQ 843,Chengdu / Chengdu Tianfu International Airport (TFU/ZUTF),Singapore / Changi (SIN/WSSS),18:25:00,23:15:00,04:50:00,Singapore Airlines, (),,,0,0,0,,9607,2672,0,0,135.84
2026-05-28,KB541,Singapore / Changi (SIN/WSSS),Guwahati / Lokpriya Gopinath Bordoloi (GAU/VEGT),12:30:00,14:40:00,05:10:00,Druk Air Corporation (KB/DRK), (),,,0,0,0,,2672,3909,244,0,823.06
2026-05-28,KB541,Guwahati / Lokpriya Gopinath Bordoloi (GAU/VEGT),Paro / Paro (PBH/VQPR),15:20:00,16:45:00,00:25:00,Druk Air Corporation (KB/DRK), (),,,0,0,0,,3909,2268,244,0,69.78
2026-06-01,KB540,Paro / Paro (PBH/VQPR),Guwahati / Lokpriya Gopinath Bordoloi (GAU/VEGT),11:50:00,12:15:00,01:25:00,Druk Air Corporation (KB/DRK), (),,,0,0,0,,2268,3909,244,0,69.78
2026-06-01,KB540,Guwahati / Lokpriya Gopinath Bordoloi (GAU/VEGT),Singapore / Changi (SIN/WSSS),13:00:00,20:00:00,04:00:00,Druk Air Corporation (KB/DRK), (),,,0,0,0,,3909,2672,244,0,823.06
2026-07-04,TR892,Singapore / Changi (SIN/WSSS),Taipei / Taoyuan (TPE/RCTP),06:10:00,10:45:00,04:35:00,Scoot (TR/TGW),Boeing 787-9 (B789),,,0,0,0,,2672,2996,2695,2088,162.08
2026-07-05,TR893,Taipei / Taoyuan (TPE/RCTP),Singapore / Changi (SIN/WSSS),23:30:00,04:10:00,04:40:00,Scoot (TR/TGW),Boeing 787-9 (B789),,,0,0,0,,2996,2672,2695,2088,162.08
2026-07-10,CX710,Singapore / Changi (SIN/WSSS),Hong Kong / Hong Kong International (HKG/VHHH),07:20:00,11:35:00,04:15:00,Cathay Pacific (CX/CPA),Airbus A330-300 (A333),,,0,0,0,,2672,1135,199,31,194.38
2026-07-10,OM2972,Hong Kong / Hong Kong International (HKG/VHHH),Ulaanbaatar / Ulaanbaatar International Airport (UBN/ZMCK),18:30:00,23:10:00,04:40:00,MIAT Mongolian Airlines (OM/MGL),Boeing 737 MAX 8 (B38M),,,0,0,0,,1135,9406,518,2123,218.23
2026-07-13,OM297,Ulaanbaatar / Ulaanbaatar International Airport (UBN/ZMCK),Hong Kong / Hong Kong International (HKG/VHHH),06:45:00,11:25:00,04:40:00,MIAT Mongolian Airlines (OM/MGL),Boeing 737-800 (B738),,,0,0,0,,9406,1135,518,231,218.23
2026-07-13,CX635,Hong Kong / Hong Kong International (HKG/VHHH),Singapore / Changi (SIN/WSSS),15:05:00,19:05:00,04:00:00,Cathay Pacific (CX/CPA),Airbus A330-300 (A333),,,0,0,0,,1135,2672,199,31,194.34
2026-07-31,MU566,"Singapore / Changi (SIN/WSSS)","Shanghai / Pudong (PVG/ZSPD)",23:10:00,04:40:00,05:30:00,"China Eastern Airlines (MU/CES)","Airbus A330-200 (A332)",,,0,0,0,,2672,3653,178,30,212.95
2026-08-01,MU6863,"Shanghai / Pudong (PVG/ZSPD)","Qingdao / Liuting (TAO/ZSQD)",06:25:00,07:55:00,01:30:00,"China Eastern Airlines (MU/CES)"," ()",,,0,0,0,,3653,2854,178,0,32.73
2026-08-02,MU5564,"Qingdao / Liuting (TAO/ZSQD)","Shanghai / Pudong (PVG/ZSPD)",16:50:00,18:25:00,01:35:00,"China Eastern Airlines (MU/CES)"," ()",,,0,0,0,,2854,3653,178,0,32.73
2026-08-02,FM843,"Shanghai / Pudong (PVG/ZSPD)","Singapore / Changi (SIN/WSSS)",20:55:00,02:25:00,05:30:00,"Shanghai Airlines (FM/CSH)","Boeing 737 MAX 8 (B38M)",,,0,0,0,,3653,2672,206,2123,212.94
2026-08-07,5J 804,Singapore / Changi (SIN/WSSS),Manila / Ninoy Aquino International (MNL/RPLL),01:10:00,05:05:00,03:55:00,Cebu Pacific (5J/CEB), (),,,0,0,0,,2672,1898,0,0,117.3
2026-08-07,5J 110,Manila / Ninoy Aquino International (MNL/RPLL),Hong Kong / Hong Kong International (HKG/VHHH),07:10:00,09:45:00,02:35:00,Cebu Pacific (5J/CEB), (),,,0,0,0,,1898,1135,0,0,55.4
2026-08-10,CZ8489,Guangzhou / Canton-Baiyun (CAN/ZGGG),Singapore / Changi (SIN/WSSS),22:40:00,02:50:00,04:10:00,China Southern Airlines (CZ/CSN),Airbus A321 (A321),,,0,0,0,,478,2672,207,28,209
2026-08-22,TR438,Singapore / Changi (SIN/WSSS),Kuching / Kuching (KCH/WBGG),06:00:00,07:35:00,01:35:00,Scoot (TR/TGW),Airbus A320-200 (A320),,,0,0,0,,2672,1392,2695,2059,80.745
2026-08-23,AK1771,Kuching / Kuching (KCH/WBGG),Singapore / Changi (SIN/WSSS),18:00:00,19:35:00,01:35:00,Air Asia (AK/AXM),Airbus A320-200 (A320),,,0,0,0,,1392,2672,103,2059,80.745
2026-08-28,CZ8088,"Singapore / Changi (SIN/WSSS)","Changsha / Huanghua (CSX/ZGHA)",02:45:00,07:35:00,04:50:00,"China Southern Airlines (CZ/CSN)"," ()",,,0,0,0,,2672,624,207,0,266.27
2026-08-28,CZ5339,"Changsha / Huanghua (CSX/ZGHA)","Hohhot / Baita (HET/ZBHH)",10:50:00,13:15:00,02:25:00,"China Southern Airlines (CZ/CSN)","Boeing 737-800 (B738)",,,0,0,0,,624,3702,207,231,119.90
2026-08-30,CZ3198,"Hohhot / Baita (HET/ZBHH)","Guangzhou / Canton-Baiyun (CAN/ZGGG)",11:45:00,15:05:00,03:20:00,"China Southern Airlines (CZ/CSN)","Boeing 737 MAX 8 (B38M)",,,0,0,0,,3702,478,207,2123,76.56
2026-08-30,CZ8489,"Guangzhou / Canton-Baiyun (CAN/ZGGG)","Singapore / Changi (SIN/WSSS)",23:05:00,03:05:00,04:00:00,"China Southern Airlines (CZ/CSN)","Airbus A321LR (A21N)",,,0,0,0,,478,2672,207,2181,104.01
2026-09-04,VN654,Singapore / Changi (SIN/WSSS),Hochiminh / Tan Son Nhat (SGN/VVTS),18:25:00,19:40:00,02:15:00,Vietnam Airlines (VN/HVN),Airbus A321 (A321),,,0,0,0,,2672,2650,366,28,89.76
2026-09-04,VN224,Hochiminh / Tan Son Nhat (SGN/VVTS),Hanoi / Noibai (HAN/VVNB),22:00:00,00:10:00,02:10:00,Vietnam Airlines (VN/HVN),Airbus A321-200 (A321),,,0,0,0,,2650,1094,366,2076,95.30
2026-09-07,TR115,Nanning / Wuxu (NNG/ZGNN),Singapore / Changi (SIN/WSSS),14:00:00,18:10:00,04:10:00,Scoot (TR/TGW),Airbus A321LR (A21N),,,0,0,0,,2080,2672,2695,2181,124.21
2026-10-01,AK 722,Singapore / Changi (SIN/WSSS),Kuala Lumpur / Kuala Lumpur International (KUL/WMKK),23:25:00,00:30:00,01:05:00,Air Asia (AK/AXM), (),,,0,0,0,,2672,1527,0,0,13.33
2026-10-02,D7 122,Kuala Lumpur / Kuala Lumpur International (KUL/WMKK),Tashkent / Yuzhnyy (TAS/UTTT),13:20:00,17:50:00,07:30:00,AirAsia X, (),,,0,0,0,,1527,2857,0,0,240.89
2026-10-12,D7 123,Tashkent / Yuzhnyy (TAS/UTTT),Kuala Lumpur / Kuala Lumpur International (KUL/WMKK),19:15:00,05:55:00,07:40:00,AirAsia X, (),,,0,0,0,,2857,1527,0,0,240.89
2026-10-13,AK703,Kuala Lumpur / Kuala Lumpur International (KUL/WMKK),Singapore / Changi (SIN/WSSS),07:10:00,08:20:00,01:10:00,Air Asia (AK/AXM),Airbus A320-200 (A320),,,0,0,0,,1527,2672,103,2059,13.33
2026-10-16,TR346,"Singapore / Changi (SIN/WSSS)","Denpasar Bali / Ngurah Rai (DPS/WADD)",21:15:00,00:05:00,02:50:00,"Scoot (TR/TGW)","Airbus A321LR (A21N)",,,0,0,0,,2672,3582,2695,2181,121.82
2026-10-18,KL836,"Denpasar Bali / Ngurah Rai (DPS/WADD)","Singapore / Changi (SIN/WSSS)",20:45:00,23:25:00,02:40:00,"KLM Royal Dutch Airlines (KL/KLM)","Boeing 777-300ER (B77W)",,,0,0,0,,3582,2672,440,2023,111.58
2026-11-04,VJ916,"Singapore / Changi (SIN/WSSS)","Hanoi / Noibai (HAN/VVNB)",14:55:00,17:25:00,03:30:00,"VietJet Air (VJ/VJC)","Airbus A321-200 (A321)",,,0,0,0,,2672,1094,1632,2076,155
2026-11-09,TG613,"Kunming / Kunming Wujiaba International Airport (KMG/ZPPP)","Bangkok / Suvarnabhumi (BKK/VTBS)",15:20:00,16:30:00,02:10:00,"Thai Airways (TG/THA)","Airbus A320-200 (A320)",,,0,0,0,,9558,331,767,2059,183.58
2026-11-09,TG401,"Bangkok / Suvarnabhumi (BKK/VTBS)","Singapore / Changi (SIN/WSSS)",19:10:00,22:30:00,02:20:00,"Thai Airways (TG/THA)","Airbus A320-200 (A320)",,,0,0,0,,331,2672,767,2059,201.72
2026-12-18,MU566,"Singapore / Changi (SIN/WSSS)","Shanghai / Pudong (PVG/ZSPD)",23:10:00,04:40:00,05:30:00,"China Eastern Airlines (MU/CES)","Airbus A330-200 (A332)",,,0,0,0,,2672,3653,178,30,176.23
2026-12-19,MU247,"Shanghai / Pudong (PVG/ZSPD)","Moscow / Sheremetyevo (SVO/UUEE)",09:25:00,14:25:00,10:00:00,"China Eastern Airlines (MU/CES)","Airbus A330-300 (A333)",,,0,0,0,,3653,2816,178,31,318.96
2026-12-21,S72143,"Moscow / Domodedovo (DME/UUDD)","Volgograd / Volgograd (VOG/URWW)",11:05:00,13:00:00,01:55:00,"Aeroflot (SU/AFL)"," ()",,,0,0,0,,3651,3217,33,0,112.85
2026-12-22,SU1759,"Volgograd / Volgograd (VOG/URWW)","Moscow / Sheremetyevo (SVO/UUEE)",10:30:00,12:30:00,02:00:00,"Aeroflot (SU/AFL)"," ()",,,0,0,0,,3217,2816,33,0,112.85
2026-12-22,SU6661,"Moscow / Sheremetyevo (SVO/UUEE)","Kaliningrad / Khrabrovo (KGD/UMKK)",16:15:00,17:50:00,02:35:00,"Aeroflot (SU/AFL)","Boeing 737-900 (B739)",,,0,0,0,,2816,1413,33,232,144.4
2027-01-02,MU260,"St Petersburg / Pulkovo (LED/ULLI)","Shanghai / Pudong (PVG/ZSPD)",21:05:00,11:25:00,09:20:00,"China Eastern Airlines (MU/CES)","Airbus A330-200 (A332)",,,0,0,0,,1591,3653,178,30,612.66
2027-01-03,MU565,"Shanghai / Pudong (PVG/ZSPD)","Singapore / Changi (SIN/WSSS)",14:30:00,20:10:00,05:40:00,"China Eastern Airlines (MU/CES)","Airbus A330-200 (A332)",,,0,0,0,,3653,2672,178,30,326.04
2027-01-05,TR884,"Singapore / Changi (SIN/WSSS)","Tokyo / Narita (NRT/RJAA)",23:05:00,07:05:00,07:00:00,"Scoot (TR/TGW)","Boeing 787-9 (B789)",,,0,0,0,,2672,2105,2695,2088,269.64
2027-01-11,TR885,"Tokyo / Narita (NRT/RJAA)","Singapore / Changi (SIN/WSSS)",08:20:00,14:35:00,07:15:00,"Scoot (TR/TGW)","Boeing 787-9 (B789)",,,0,0,0,,2105,2672,2695,2088,269.64